<annotation>
	<folder>train</folder>
	<filename>glass217.jpg</filename>
	<path>/Users/jbernas/Trash_Sorting_Robot/train/glass217.jpg</path>
	<source>
		<database>Unknown</database>
	</source>
	<size>
		<width>512</width>
		<height>384</height>
		<depth>3</depth>
	</size>
	<segmented>0</segmented>
	<object>
		<name>glass</name>
		<pose>Unspecified</pose>
		<truncated>0</truncated>
		<difficult>0</difficult>
		<bndbox>
			<xmin>186</xmin>
			<ymin>104</ymin>
			<xmax>307</xmax>
			<ymax>261</ymax>
		</bndbox>
	</object>
	<object>
		<name>metal</name>
		<pose>Unspecified</pose>
		<truncated>0</truncated>
		<difficult>0</difficult>
		<bndbox>
			<xmin>91</xmin>
			<ymin>104</ymin>
			<xmax>240</xmax>
			<ymax>255</ymax>
		</bndbox>
	</object>
</annotation>
