<annotation>
	<folder>train</folder>
	<filename>glass60.jpg</filename>
	<path>/Users/jbernas/Trash_Sorting_Robot/train/glass60.jpg</path>
	<source>
		<database>Unknown</database>
	</source>
	<size>
		<width>512</width>
		<height>384</height>
		<depth>3</depth>
	</size>
	<segmented>0</segmented>
	<object>
		<name>glass</name>
		<pose>Unspecified</pose>
		<truncated>1</truncated>
		<difficult>0</difficult>
		<bndbox>
			<xmin>214</xmin>
			<ymin>1</ymin>
			<xmax>512</xmax>
			<ymax>237</ymax>
		</bndbox>
	</object>
	<object>
		<name>metal</name>
		<pose>Unspecified</pose>
		<truncated>0</truncated>
		<difficult>0</difficult>
		<bndbox>
			<xmin>170</xmin>
			<ymin>167</ymin>
			<xmax>243</xmax>
			<ymax>251</ymax>
		</bndbox>
	</object>
</annotation>
