<annotation>
	<folder>test</folder>
	<filename>glass444.jpg</filename>
	<path>/Users/jbernas/Trash_Sorting_Robot/test/glass444.jpg</path>
	<source>
		<database>Unknown</database>
	</source>
	<size>
		<width>512</width>
		<height>384</height>
		<depth>3</depth>
	</size>
	<segmented>0</segmented>
	<object>
		<name>glass</name>
		<pose>Unspecified</pose>
		<truncated>0</truncated>
		<difficult>0</difficult>
		<bndbox>
			<xmin>189</xmin>
			<ymin>102</ymin>
			<xmax>297</xmax>
			<ymax>211</ymax>
		</bndbox>
	</object>
	<object>
		<name>metal</name>
		<pose>Unspecified</pose>
		<truncated>0</truncated>
		<difficult>0</difficult>
		<bndbox>
			<xmin>206</xmin>
			<ymin>114</ymin>
			<xmax>282</xmax>
			<ymax>193</ymax>
		</bndbox>
	</object>
</annotation>
