<annotation>
	<folder>train</folder>
	<filename>glass208.jpg</filename>
	<path>/Users/jbernas/Trash_Sorting_Robot/train/glass208.jpg</path>
	<source>
		<database>Unknown</database>
	</source>
	<size>
		<width>512</width>
		<height>384</height>
		<depth>3</depth>
	</size>
	<segmented>0</segmented>
	<object>
		<name>glass</name>
		<pose>Unspecified</pose>
		<truncated>0</truncated>
		<difficult>0</difficult>
		<bndbox>
			<xmin>31</xmin>
			<ymin>88</ymin>
			<xmax>393</xmax>
			<ymax>276</ymax>
		</bndbox>
	</object>
	<object>
		<name>metal</name>
		<pose>Unspecified</pose>
		<truncated>0</truncated>
		<difficult>0</difficult>
		<bndbox>
			<xmin>386</xmin>
			<ymin>73</ymin>
			<xmax>430</xmax>
			<ymax>125</ymax>
		</bndbox>
	</object>
</annotation>
