<annotation>
	<folder>test</folder>
	<filename>glass406.jpg</filename>
	<path>/Users/jbernas/Trash_Sorting_Robot/test/glass406.jpg</path>
	<source>
		<database>Unknown</database>
	</source>
	<size>
		<width>512</width>
		<height>384</height>
		<depth>3</depth>
	</size>
	<segmented>0</segmented>
	<object>
		<name>glass</name>
		<pose>Unspecified</pose>
		<truncated>0</truncated>
		<difficult>0</difficult>
		<bndbox>
			<xmin>59</xmin>
			<ymin>76</ymin>
			<xmax>467</xmax>
			<ymax>301</ymax>
		</bndbox>
	</object>
	<object>
		<name>metal</name>
		<pose>Unspecified</pose>
		<truncated>0</truncated>
		<difficult>0</difficult>
		<bndbox>
			<xmin>408</xmin>
			<ymin>144</ymin>
			<xmax>503</xmax>
			<ymax>304</ymax>
		</bndbox>
	</object>
</annotation>
