<annotation>
	<folder>train</folder>
	<filename>glass264.jpg</filename>
	<path>/Users/jbernas/Trash_Sorting_Robot/train/glass264.jpg</path>
	<source>
		<database>Unknown</database>
	</source>
	<size>
		<width>512</width>
		<height>384</height>
		<depth>3</depth>
	</size>
	<segmented>0</segmented>
	<object>
		<name>glass</name>
		<pose>Unspecified</pose>
		<truncated>1</truncated>
		<difficult>0</difficult>
		<bndbox>
			<xmin>116</xmin>
			<ymin>74</ymin>
			<xmax>496</xmax>
			<ymax>384</ymax>
		</bndbox>
	</object>
</annotation>
