<annotation>
	<folder>test</folder>
	<filename>glass454.jpg</filename>
	<path>/Users/jbernas/Trash_Sorting_Robot/test/glass454.jpg</path>
	<source>
		<database>Unknown</database>
	</source>
	<size>
		<width>512</width>
		<height>384</height>
		<depth>3</depth>
	</size>
	<segmented>0</segmented>
	<object>
		<name>glass</name>
		<pose>Unspecified</pose>
		<truncated>0</truncated>
		<difficult>0</difficult>
		<bndbox>
			<xmin>116</xmin>
			<ymin>60</ymin>
			<xmax>384</xmax>
			<ymax>281</ymax>
		</bndbox>
	</object>
</annotation>
