<annotation>
	<folder>test</folder>
	<filename>glass495.jpg</filename>
	<path>/Users/jbernas/Trash_Sorting_Robot/test/glass495.jpg</path>
	<source>
		<database>Unknown</database>
	</source>
	<size>
		<width>512</width>
		<height>384</height>
		<depth>3</depth>
	</size>
	<segmented>0</segmented>
	<object>
		<name>glass</name>
		<pose>Unspecified</pose>
		<truncated>0</truncated>
		<difficult>0</difficult>
		<bndbox>
			<xmin>184</xmin>
			<ymin>86</ymin>
			<xmax>354</xmax>
			<ymax>255</ymax>
		</bndbox>
	</object>
	<object>
		<name>metal</name>
		<pose>Unspecified</pose>
		<truncated>0</truncated>
		<difficult>0</difficult>
		<bndbox>
			<xmin>222</xmin>
			<ymin>95</ymin>
			<xmax>318</xmax>
			<ymax>190</ymax>
		</bndbox>
	</object>
</annotation>
