<annotation>
	<folder>train</folder>
	<filename>glass207.jpg</filename>
	<path>/Users/jbernas/Trash_Sorting_Robot/train/glass207.jpg</path>
	<source>
		<database>Unknown</database>
	</source>
	<size>
		<width>512</width>
		<height>384</height>
		<depth>3</depth>
	</size>
	<segmented>0</segmented>
	<object>
		<name>glass</name>
		<pose>Unspecified</pose>
		<truncated>0</truncated>
		<difficult>0</difficult>
		<bndbox>
			<xmin>96</xmin>
			<ymin>112</ymin>
			<xmax>381</xmax>
			<ymax>262</ymax>
		</bndbox>
	</object>
	<object>
		<name>metal</name>
		<pose>Unspecified</pose>
		<truncated>0</truncated>
		<difficult>0</difficult>
		<bndbox>
			<xmin>84</xmin>
			<ymin>227</ymin>
			<xmax>112</xmax>
			<ymax>266</ymax>
		</bndbox>
	</object>
</annotation>
