<annotation>
	<folder>train</folder>
	<filename>glass381.jpg</filename>
	<path>/Users/jbernas/Trash_Sorting_Robot/train/glass381.jpg</path>
	<source>
		<database>Unknown</database>
	</source>
	<size>
		<width>512</width>
		<height>384</height>
		<depth>3</depth>
	</size>
	<segmented>0</segmented>
	<object>
		<name>glass</name>
		<pose>Unspecified</pose>
		<truncated>1</truncated>
		<difficult>0</difficult>
		<bndbox>
			<xmin>16</xmin>
			<ymin>21</ymin>
			<xmax>512</xmax>
			<ymax>286</ymax>
		</bndbox>
	</object>
	<object>
		<name>metal</name>
		<pose>Unspecified</pose>
		<truncated>1</truncated>
		<difficult>0</difficult>
		<bndbox>
			<xmin>1</xmin>
			<ymin>230</ymin>
			<xmax>40</xmax>
			<ymax>298</ymax>
		</bndbox>
	</object>
</annotation>
