<annotation>
	<folder>test</folder>
	<filename>glass494.jpg</filename>
	<path>/Users/jbernas/Trash_Sorting_Robot/test/glass494.jpg</path>
	<source>
		<database>Unknown</database>
	</source>
	<size>
		<width>512</width>
		<height>384</height>
		<depth>3</depth>
	</size>
	<segmented>0</segmented>
	<object>
		<name>glass</name>
		<pose>Unspecified</pose>
		<truncated>0</truncated>
		<difficult>0</difficult>
		<bndbox>
			<xmin>202</xmin>
			<ymin>116</ymin>
			<xmax>346</xmax>
			<ymax>257</ymax>
		</bndbox>
	</object>
	<object>
		<name>metal</name>
		<pose>Unspecified</pose>
		<truncated>0</truncated>
		<difficult>0</difficult>
		<bndbox>
			<xmin>227</xmin>
			<ymin>118</ymin>
			<xmax>380</xmax>
			<ymax>229</ymax>
		</bndbox>
	</object>
</annotation>
