<annotation>
	<folder>train</folder>
	<filename>glass74.jpg</filename>
	<path>/Users/jbernas/Trash_Sorting_Robot/train/glass74.jpg</path>
	<source>
		<database>Unknown</database>
	</source>
	<size>
		<width>512</width>
		<height>384</height>
		<depth>3</depth>
	</size>
	<segmented>0</segmented>
	<object>
		<name>glass</name>
		<pose>Unspecified</pose>
		<truncated>0</truncated>
		<difficult>0</difficult>
		<bndbox>
			<xmin>191</xmin>
			<ymin>137</ymin>
			<xmax>281</xmax>
			<ymax>227</ymax>
		</bndbox>
	</object>
	<object>
		<name>metal</name>
		<pose>Unspecified</pose>
		<truncated>0</truncated>
		<difficult>0</difficult>
		<bndbox>
			<xmin>201</xmin>
			<ymin>146</ymin>
			<xmax>268</xmax>
			<ymax>211</ymax>
		</bndbox>
	</object>
</annotation>
