<annotation>
	<folder>train</folder>
	<filename>glass131.jpg</filename>
	<path>/Users/jbernas/Trash_Sorting_Robot/train/glass131.jpg</path>
	<source>
		<database>Unknown</database>
	</source>
	<size>
		<width>512</width>
		<height>384</height>
		<depth>3</depth>
	</size>
	<segmented>0</segmented>
	<object>
		<name>glass</name>
		<pose>Unspecified</pose>
		<truncated>1</truncated>
		<difficult>0</difficult>
		<bndbox>
			<xmin>128</xmin>
			<ymin>1</ymin>
			<xmax>412</xmax>
			<ymax>279</ymax>
		</bndbox>
	</object>
	<object>
		<name>metal</name>
		<pose>Unspecified</pose>
		<truncated>0</truncated>
		<difficult>0</difficult>
		<bndbox>
			<xmin>267</xmin>
			<ymin>218</ymin>
			<xmax>420</xmax>
			<ymax>308</ymax>
		</bndbox>
	</object>
</annotation>
