<annotation>
	<folder>train</folder>
	<filename>glass222.jpg</filename>
	<path>/Users/jbernas/Trash_Sorting_Robot/train/glass222.jpg</path>
	<source>
		<database>Unknown</database>
	</source>
	<size>
		<width>512</width>
		<height>384</height>
		<depth>3</depth>
	</size>
	<segmented>0</segmented>
	<object>
		<name>glass</name>
		<pose>Unspecified</pose>
		<truncated>0</truncated>
		<difficult>0</difficult>
		<bndbox>
			<xmin>173</xmin>
			<ymin>137</ymin>
			<xmax>370</xmax>
			<ymax>270</ymax>
		</bndbox>
	</object>
	<object>
		<name>metal</name>
		<pose>Unspecified</pose>
		<truncated>0</truncated>
		<difficult>0</difficult>
		<bndbox>
			<xmin>162</xmin>
			<ymin>225</ymin>
			<xmax>198</xmax>
			<ymax>275</ymax>
		</bndbox>
	</object>
</annotation>
