<annotation>
	<folder>train</folder>
	<filename>glass169.jpg</filename>
	<path>/Users/jbernas/Trash_Sorting_Robot/train/glass169.jpg</path>
	<source>
		<database>Unknown</database>
	</source>
	<size>
		<width>512</width>
		<height>384</height>
		<depth>3</depth>
	</size>
	<segmented>0</segmented>
	<object>
		<name>glass</name>
		<pose>Unspecified</pose>
		<truncated>0</truncated>
		<difficult>0</difficult>
		<bndbox>
			<xmin>150</xmin>
			<ymin>50</ymin>
			<xmax>401</xmax>
			<ymax>323</ymax>
		</bndbox>
	</object>
	<object>
		<name>metal</name>
		<pose>Unspecified</pose>
		<truncated>0</truncated>
		<difficult>0</difficult>
		<bndbox>
			<xmin>139</xmin>
			<ymin>34</ymin>
			<xmax>240</xmax>
			<ymax>123</ymax>
		</bndbox>
	</object>
</annotation>
