<annotation>
	<folder>test</folder>
	<filename>glass482.jpg</filename>
	<path>/Users/jbernas/Trash_Sorting_Robot/test/glass482.jpg</path>
	<source>
		<database>Unknown</database>
	</source>
	<size>
		<width>512</width>
		<height>384</height>
		<depth>3</depth>
	</size>
	<segmented>0</segmented>
	<object>
		<name>glass</name>
		<pose>Unspecified</pose>
		<truncated>1</truncated>
		<difficult>0</difficult>
		<bndbox>
			<xmin>212</xmin>
			<ymin>1</ymin>
			<xmax>485</xmax>
			<ymax>295</ymax>
		</bndbox>
	</object>
	<object>
		<name>metal</name>
		<pose>Unspecified</pose>
		<truncated>0</truncated>
		<difficult>0</difficult>
		<bndbox>
			<xmin>301</xmin>
			<ymin>234</ymin>
			<xmax>498</xmax>
			<ymax>323</ymax>
		</bndbox>
	</object>
</annotation>
