<annotation>
	<folder>train</folder>
	<filename>glass213.jpg</filename>
	<path>/Users/jbernas/Trash_Sorting_Robot/train/glass213.jpg</path>
	<source>
		<database>Unknown</database>
	</source>
	<size>
		<width>512</width>
		<height>384</height>
		<depth>3</depth>
	</size>
	<segmented>0</segmented>
	<object>
		<name>glass</name>
		<pose>Unspecified</pose>
		<truncated>0</truncated>
		<difficult>0</difficult>
		<bndbox>
			<xmin>220</xmin>
			<ymin>179</ymin>
			<xmax>303</xmax>
			<ymax>262</ymax>
		</bndbox>
	</object>
	<object>
		<name>metal</name>
		<pose>Unspecified</pose>
		<truncated>0</truncated>
		<difficult>0</difficult>
		<bndbox>
			<xmin>223</xmin>
			<ymin>185</ymin>
			<xmax>294</xmax>
			<ymax>254</ymax>
		</bndbox>
	</object>
</annotation>
