<annotation>
	<folder>test</folder>
	<filename>glass413.jpg</filename>
	<path>/Users/jbernas/Trash_Sorting_Robot/test/glass413.jpg</path>
	<source>
		<database>Unknown</database>
	</source>
	<size>
		<width>512</width>
		<height>384</height>
		<depth>3</depth>
	</size>
	<segmented>0</segmented>
	<object>
		<name>glass</name>
		<pose>Unspecified</pose>
		<truncated>0</truncated>
		<difficult>0</difficult>
		<bndbox>
			<xmin>33</xmin>
			<ymin>122</ymin>
			<xmax>461</xmax>
			<ymax>284</ymax>
		</bndbox>
	</object>
	<object>
		<name>metal</name>
		<pose>Unspecified</pose>
		<truncated>0</truncated>
		<difficult>0</difficult>
		<bndbox>
			<xmin>33</xmin>
			<ymin>142</ymin>
			<xmax>64</xmax>
			<ymax>183</ymax>
		</bndbox>
	</object>
</annotation>
