<annotation>
	<folder>train</folder>
	<filename>glass228.jpg</filename>
	<path>/Users/jbernas/Trash_Sorting_Robot/train/glass228.jpg</path>
	<source>
		<database>Unknown</database>
	</source>
	<size>
		<width>512</width>
		<height>384</height>
		<depth>3</depth>
	</size>
	<segmented>0</segmented>
	<object>
		<name>glass</name>
		<pose>Unspecified</pose>
		<truncated>0</truncated>
		<difficult>0</difficult>
		<bndbox>
			<xmin>216</xmin>
			<ymin>123</ymin>
			<xmax>324</xmax>
			<ymax>233</ymax>
		</bndbox>
	</object>
	<object>
		<name>metal</name>
		<pose>Unspecified</pose>
		<truncated>0</truncated>
		<difficult>0</difficult>
		<bndbox>
			<xmin>220</xmin>
			<ymin>151</ymin>
			<xmax>302</xmax>
			<ymax>233</ymax>
		</bndbox>
	</object>
</annotation>
