<annotation>
	<folder>train</folder>
	<filename>glass127.jpg</filename>
	<path>/Users/jbernas/Trash_Sorting_Robot/train/glass127.jpg</path>
	<source>
		<database>Unknown</database>
	</source>
	<size>
		<width>512</width>
		<height>384</height>
		<depth>3</depth>
	</size>
	<segmented>0</segmented>
	<object>
		<name>glass</name>
		<pose>Unspecified</pose>
		<truncated>0</truncated>
		<difficult>0</difficult>
		<bndbox>
			<xmin>220</xmin>
			<ymin>124</ymin>
			<xmax>323</xmax>
			<ymax>227</ymax>
		</bndbox>
	</object>
	<object>
		<name>metal</name>
		<pose>Unspecified</pose>
		<truncated>0</truncated>
		<difficult>0</difficult>
		<bndbox>
			<xmin>239</xmin>
			<ymin>140</ymin>
			<xmax>318</xmax>
			<ymax>215</ymax>
		</bndbox>
	</object>
</annotation>
