<annotation>
	<folder>test</folder>
	<filename>glass424.jpg</filename>
	<path>/Users/jbernas/Trash_Sorting_Robot/test/glass424.jpg</path>
	<source>
		<database>Unknown</database>
	</source>
	<size>
		<width>512</width>
		<height>384</height>
		<depth>3</depth>
	</size>
	<segmented>0</segmented>
	<object>
		<name>glass</name>
		<pose>Unspecified</pose>
		<truncated>1</truncated>
		<difficult>0</difficult>
		<bndbox>
			<xmin>135</xmin>
			<ymin>1</ymin>
			<xmax>272</xmax>
			<ymax>288</ymax>
		</bndbox>
	</object>
</annotation>
