<annotation>
	<folder>train</folder>
	<filename>glass249.jpg</filename>
	<path>/Users/jbernas/Trash_Sorting_Robot/train/glass249.jpg</path>
	<source>
		<database>Unknown</database>
	</source>
	<size>
		<width>512</width>
		<height>384</height>
		<depth>3</depth>
	</size>
	<segmented>0</segmented>
	<object>
		<name>glass</name>
		<pose>Unspecified</pose>
		<truncated>0</truncated>
		<difficult>0</difficult>
		<bndbox>
			<xmin>57</xmin>
			<ymin>167</ymin>
			<xmax>409</xmax>
			<ymax>335</ymax>
		</bndbox>
	</object>
</annotation>
