<annotation>
	<folder>train</folder>
	<filename>glass171.jpg</filename>
	<path>/Users/jbernas/Trash_Sorting_Robot/train/glass171.jpg</path>
	<source>
		<database>Unknown</database>
	</source>
	<size>
		<width>512</width>
		<height>384</height>
		<depth>3</depth>
	</size>
	<segmented>0</segmented>
	<object>
		<name>glass</name>
		<pose>Unspecified</pose>
		<truncated>0</truncated>
		<difficult>0</difficult>
		<bndbox>
			<xmin>101</xmin>
			<ymin>96</ymin>
			<xmax>389</xmax>
			<ymax>277</ymax>
		</bndbox>
	</object>
	<object>
		<name>metal</name>
		<pose>Unspecified</pose>
		<truncated>0</truncated>
		<difficult>0</difficult>
		<bndbox>
			<xmin>364</xmin>
			<ymin>108</ymin>
			<xmax>406</xmax>
			<ymax>225</ymax>
		</bndbox>
	</object>
</annotation>
