<annotation>
	<folder>train</folder>
	<filename>glass209.jpg</filename>
	<path>/Users/jbernas/Trash_Sorting_Robot/train/glass209.jpg</path>
	<source>
		<database>Unknown</database>
	</source>
	<size>
		<width>512</width>
		<height>384</height>
		<depth>3</depth>
	</size>
	<segmented>0</segmented>
	<object>
		<name>glass</name>
		<pose>Unspecified</pose>
		<truncated>0</truncated>
		<difficult>0</difficult>
		<bndbox>
			<xmin>123</xmin>
			<ymin>90</ymin>
			<xmax>297</xmax>
			<ymax>214</ymax>
		</bndbox>
	</object>
	<object>
		<name>metal</name>
		<pose>Unspecified</pose>
		<truncated>0</truncated>
		<difficult>0</difficult>
		<bndbox>
			<xmin>57</xmin>
			<ymin>112</ymin>
			<xmax>141</xmax>
			<ymax>187</ymax>
		</bndbox>
	</object>
</annotation>
