<annotation>
	<folder>train</folder>
	<filename>glass82.jpg</filename>
	<path>/Users/jbernas/Trash_Sorting_Robot/train/glass82.jpg</path>
	<source>
		<database>Unknown</database>
	</source>
	<size>
		<width>512</width>
		<height>384</height>
		<depth>3</depth>
	</size>
	<segmented>0</segmented>
	<object>
		<name>glass</name>
		<pose>Unspecified</pose>
		<truncated>1</truncated>
		<difficult>0</difficult>
		<bndbox>
			<xmin>203</xmin>
			<ymin>1</ymin>
			<xmax>400</xmax>
			<ymax>295</ymax>
		</bndbox>
	</object>
	<object>
		<name>metal</name>
		<pose>Unspecified</pose>
		<truncated>0</truncated>
		<difficult>0</difficult>
		<bndbox>
			<xmin>192</xmin>
			<ymin>276</ymin>
			<xmax>254</xmax>
			<ymax>327</ymax>
		</bndbox>
	</object>
</annotation>
