<annotation>
	<folder>train</folder>
	<filename>glass132.jpg</filename>
	<path>/Users/jbernas/Trash_Sorting_Robot/train/glass132.jpg</path>
	<source>
		<database>Unknown</database>
	</source>
	<size>
		<width>512</width>
		<height>384</height>
		<depth>3</depth>
	</size>
	<segmented>0</segmented>
	<object>
		<name>glass</name>
		<pose>Unspecified</pose>
		<truncated>0</truncated>
		<difficult>0</difficult>
		<bndbox>
			<xmin>173</xmin>
			<ymin>116</ymin>
			<xmax>315</xmax>
			<ymax>259</ymax>
		</bndbox>
	</object>
	<object>
		<name>metal</name>
		<pose>Unspecified</pose>
		<truncated>0</truncated>
		<difficult>0</difficult>
		<bndbox>
			<xmin>181</xmin>
			<ymin>129</ymin>
			<xmax>282</xmax>
			<ymax>230</ymax>
		</bndbox>
	</object>
</annotation>
