<annotation>
	<folder>train</folder>
	<filename>glass185.jpg</filename>
	<path>/Users/jbernas/Trash_Sorting_Robot/train/glass185.jpg</path>
	<source>
		<database>Unknown</database>
	</source>
	<size>
		<width>512</width>
		<height>384</height>
		<depth>3</depth>
	</size>
	<segmented>0</segmented>
	<object>
		<name>glass</name>
		<pose>Unspecified</pose>
		<truncated>0</truncated>
		<difficult>0</difficult>
		<bndbox>
			<xmin>81</xmin>
			<ymin>35</ymin>
			<xmax>463</xmax>
			<ymax>303</ymax>
		</bndbox>
	</object>
	<object>
		<name>metal</name>
		<pose>Unspecified</pose>
		<truncated>0</truncated>
		<difficult>0</difficult>
		<bndbox>
			<xmin>46</xmin>
			<ymin>51</ymin>
			<xmax>148</xmax>
			<ymax>306</ymax>
		</bndbox>
	</object>
</annotation>
