<annotation>
	<folder>test</folder>
	<filename>glass438.jpg</filename>
	<path>/Users/jbernas/Trash_Sorting_Robot/test/glass438.jpg</path>
	<source>
		<database>Unknown</database>
	</source>
	<size>
		<width>512</width>
		<height>384</height>
		<depth>3</depth>
	</size>
	<segmented>0</segmented>
	<object>
		<name>glass</name>
		<pose>Unspecified</pose>
		<truncated>0</truncated>
		<difficult>0</difficult>
		<bndbox>
			<xmin>89</xmin>
			<ymin>132</ymin>
			<xmax>416</xmax>
			<ymax>276</ymax>
		</bndbox>
	</object>
	<object>
		<name>metal</name>
		<pose>Unspecified</pose>
		<truncated>0</truncated>
		<difficult>0</difficult>
		<bndbox>
			<xmin>77</xmin>
			<ymin>189</ymin>
			<xmax>116</xmax>
			<ymax>261</ymax>
		</bndbox>
	</object>
</annotation>
