<annotation>
	<folder>train</folder>
	<filename>glass255.jpg</filename>
	<path>/Users/jbernas/Trash_Sorting_Robot/train/glass255.jpg</path>
	<source>
		<database>Unknown</database>
	</source>
	<size>
		<width>512</width>
		<height>384</height>
		<depth>3</depth>
	</size>
	<segmented>0</segmented>
	<object>
		<name>glass</name>
		<pose>Unspecified</pose>
		<truncated>0</truncated>
		<difficult>0</difficult>
		<bndbox>
			<xmin>59</xmin>
			<ymin>17</ymin>
			<xmax>432</xmax>
			<ymax>186</ymax>
		</bndbox>
	</object>
	<object>
		<name>metal</name>
		<pose>Unspecified</pose>
		<truncated>0</truncated>
		<difficult>0</difficult>
		<bndbox>
			<xmin>43</xmin>
			<ymin>90</ymin>
			<xmax>92</xmax>
			<ymax>174</ymax>
		</bndbox>
	</object>
</annotation>
