<annotation>
	<folder>train</folder>
	<filename>glass338.jpg</filename>
	<path>/Users/jbernas/Trash_Sorting_Robot/train/glass338.jpg</path>
	<source>
		<database>Unknown</database>
	</source>
	<size>
		<width>512</width>
		<height>384</height>
		<depth>3</depth>
	</size>
	<segmented>0</segmented>
	<object>
		<name>glass</name>
		<pose>Unspecified</pose>
		<truncated>0</truncated>
		<difficult>0</difficult>
		<bndbox>
			<xmin>100</xmin>
			<ymin>119</ymin>
			<xmax>355</xmax>
			<ymax>263</ymax>
		</bndbox>
	</object>
	<object>
		<name>metal</name>
		<pose>Unspecified</pose>
		<truncated>0</truncated>
		<difficult>0</difficult>
		<bndbox>
			<xmin>101</xmin>
			<ymin>147</ymin>
			<xmax>196</xmax>
			<ymax>248</ymax>
		</bndbox>
	</object>
</annotation>
