<annotation>
	<folder>train</folder>
	<filename>glass152.jpg</filename>
	<path>/Users/jbernas/Trash_Sorting_Robot/train/glass152.jpg</path>
	<source>
		<database>Unknown</database>
	</source>
	<size>
		<width>512</width>
		<height>384</height>
		<depth>3</depth>
	</size>
	<segmented>0</segmented>
	<object>
		<name>glass</name>
		<pose>Unspecified</pose>
		<truncated>0</truncated>
		<difficult>0</difficult>
		<bndbox>
			<xmin>60</xmin>
			<ymin>113</ymin>
			<xmax>480</xmax>
			<ymax>260</ymax>
		</bndbox>
	</object>
	<object>
		<name>metal</name>
		<pose>Unspecified</pose>
		<truncated>0</truncated>
		<difficult>0</difficult>
		<bndbox>
			<xmin>54</xmin>
			<ymin>176</ymin>
			<xmax>71</xmax>
			<ymax>223</ymax>
		</bndbox>
	</object>
</annotation>
