<annotation>
	<folder>train</folder>
	<filename>glass206.jpg</filename>
	<path>/Users/jbernas/Trash_Sorting_Robot/train/glass206.jpg</path>
	<source>
		<database>Unknown</database>
	</source>
	<size>
		<width>512</width>
		<height>384</height>
		<depth>3</depth>
	</size>
	<segmented>0</segmented>
	<object>
		<name>glass</name>
		<pose>Unspecified</pose>
		<truncated>0</truncated>
		<difficult>0</difficult>
		<bndbox>
			<xmin>75</xmin>
			<ymin>69</ymin>
			<xmax>417</xmax>
			<ymax>329</ymax>
		</bndbox>
	</object>
</annotation>
