<annotation>
	<folder>train</folder>
	<filename>glass267.jpg</filename>
	<path>/Users/jbernas/Trash_Sorting_Robot/train/glass267.jpg</path>
	<source>
		<database>Unknown</database>
	</source>
	<size>
		<width>512</width>
		<height>384</height>
		<depth>3</depth>
	</size>
	<segmented>0</segmented>
	<object>
		<name>glass</name>
		<pose>Unspecified</pose>
		<truncated>0</truncated>
		<difficult>0</difficult>
		<bndbox>
			<xmin>33</xmin>
			<ymin>43</ymin>
			<xmax>477</xmax>
			<ymax>224</ymax>
		</bndbox>
	</object>
	<object>
		<name>metal</name>
		<pose>Unspecified</pose>
		<truncated>0</truncated>
		<difficult>0</difficult>
		<bndbox>
			<xmin>26</xmin>
			<ymin>176</ymin>
			<xmax>60</xmax>
			<ymax>225</ymax>
		</bndbox>
	</object>
</annotation>
