<annotation>
	<folder>test</folder>
	<filename>glass404.jpg</filename>
	<path>/Users/jbernas/Trash_Sorting_Robot/test/glass404.jpg</path>
	<source>
		<database>Unknown</database>
	</source>
	<size>
		<width>512</width>
		<height>384</height>
		<depth>3</depth>
	</size>
	<segmented>0</segmented>
	<object>
		<name>glass</name>
		<pose>Unspecified</pose>
		<truncated>0</truncated>
		<difficult>0</difficult>
		<bndbox>
			<xmin>224</xmin>
			<ymin>89</ymin>
			<xmax>350</xmax>
			<ymax>238</ymax>
		</bndbox>
	</object>
</annotation>
