<annotation>
	<folder>train</folder>
	<filename>glass100.jpg</filename>
	<path>/Users/jbernas/Trash_Sorting_Robot/train/glass100.jpg</path>
	<source>
		<database>Unknown</database>
	</source>
	<size>
		<width>512</width>
		<height>384</height>
		<depth>3</depth>
	</size>
	<segmented>0</segmented>
	<object>
		<name>glass</name>
		<pose>Unspecified</pose>
		<truncated>0</truncated>
		<difficult>0</difficult>
		<bndbox>
			<xmin>28</xmin>
			<ymin>106</ymin>
			<xmax>487</xmax>
			<ymax>311</ymax>
		</bndbox>
	</object>
	<object>
		<name>metal</name>
		<pose>Unspecified</pose>
		<truncated>0</truncated>
		<difficult>0</difficult>
		<bndbox>
			<xmin>20</xmin>
			<ymin>186</ymin>
			<xmax>41</xmax>
			<ymax>241</ymax>
		</bndbox>
	</object>
</annotation>
