<annotation>
	<folder>train</folder>
	<filename>glass198.jpg</filename>
	<path>/Users/jbernas/Trash_Sorting_Robot/train/glass198.jpg</path>
	<source>
		<database>Unknown</database>
	</source>
	<size>
		<width>512</width>
		<height>384</height>
		<depth>3</depth>
	</size>
	<segmented>0</segmented>
	<object>
		<name>glass</name>
		<pose>Unspecified</pose>
		<truncated>0</truncated>
		<difficult>0</difficult>
		<bndbox>
			<xmin>121</xmin>
			<ymin>22</ymin>
			<xmax>373</xmax>
			<ymax>343</ymax>
		</bndbox>
	</object>
	<object>
		<name>metal</name>
		<pose>Unspecified</pose>
		<truncated>0</truncated>
		<difficult>0</difficult>
		<bndbox>
			<xmin>315</xmin>
			<ymin>304</ymin>
			<xmax>388</xmax>
			<ymax>363</ymax>
		</bndbox>
	</object>
</annotation>
