<annotation>
	<folder>train</folder>
	<filename>glass218.jpg</filename>
	<path>/Users/jbernas/Trash_Sorting_Robot/train/glass218.jpg</path>
	<source>
		<database>Unknown</database>
	</source>
	<size>
		<width>512</width>
		<height>384</height>
		<depth>3</depth>
	</size>
	<segmented>0</segmented>
	<object>
		<name>glass</name>
		<pose>Unspecified</pose>
		<truncated>0</truncated>
		<difficult>0</difficult>
		<bndbox>
			<xmin>99</xmin>
			<ymin>88</ymin>
			<xmax>407</xmax>
			<ymax>266</ymax>
		</bndbox>
	</object>
	<object>
		<name>metal</name>
		<pose>Unspecified</pose>
		<truncated>0</truncated>
		<difficult>0</difficult>
		<bndbox>
			<xmin>81</xmin>
			<ymin>171</ymin>
			<xmax>138</xmax>
			<ymax>267</ymax>
		</bndbox>
	</object>
</annotation>
