<annotation>
	<folder>train</folder>
	<filename>glass182.jpg</filename>
	<path>/Users/jbernas/Trash_Sorting_Robot/train/glass182.jpg</path>
	<source>
		<database>Unknown</database>
	</source>
	<size>
		<width>512</width>
		<height>384</height>
		<depth>3</depth>
	</size>
	<segmented>0</segmented>
	<object>
		<name>glass</name>
		<pose>Unspecified</pose>
		<truncated>0</truncated>
		<difficult>0</difficult>
		<bndbox>
			<xmin>170</xmin>
			<ymin>113</ymin>
			<xmax>284</xmax>
			<ymax>227</ymax>
		</bndbox>
	</object>
	<object>
		<name>metal</name>
		<pose>Unspecified</pose>
		<truncated>0</truncated>
		<difficult>0</difficult>
		<bndbox>
			<xmin>160</xmin>
			<ymin>104</ymin>
			<xmax>255</xmax>
			<ymax>198</ymax>
		</bndbox>
	</object>
</annotation>
