<annotation>
	<folder>train</folder>
	<filename>glass75.jpg</filename>
	<path>/Users/jbernas/Trash_Sorting_Robot/train/glass75.jpg</path>
	<source>
		<database>Unknown</database>
	</source>
	<size>
		<width>512</width>
		<height>384</height>
		<depth>3</depth>
	</size>
	<segmented>0</segmented>
	<object>
		<name>glass</name>
		<pose>Unspecified</pose>
		<truncated>0</truncated>
		<difficult>0</difficult>
		<bndbox>
			<xmin>60</xmin>
			<ymin>103</ymin>
			<xmax>416</xmax>
			<ymax>281</ymax>
		</bndbox>
	</object>
	<object>
		<name>metal</name>
		<pose>Unspecified</pose>
		<truncated>0</truncated>
		<difficult>0</difficult>
		<bndbox>
			<xmin>39</xmin>
			<ymin>117</ymin>
			<xmax>109</xmax>
			<ymax>279</ymax>
		</bndbox>
	</object>
</annotation>
