<annotation>
	<folder>train</folder>
	<filename>glass199.jpg</filename>
	<path>/Users/jbernas/Trash_Sorting_Robot/train/glass199.jpg</path>
	<source>
		<database>Unknown</database>
	</source>
	<size>
		<width>512</width>
		<height>384</height>
		<depth>3</depth>
	</size>
	<segmented>0</segmented>
	<object>
		<name>glass</name>
		<pose>Unspecified</pose>
		<truncated>1</truncated>
		<difficult>0</difficult>
		<bndbox>
			<xmin>49</xmin>
			<ymin>127</ymin>
			<xmax>433</xmax>
			<ymax>384</ymax>
		</bndbox>
	</object>
	<object>
		<name>metal</name>
		<pose>Unspecified</pose>
		<truncated>1</truncated>
		<difficult>0</difficult>
		<bndbox>
			<xmin>6</xmin>
			<ymin>1</ymin>
			<xmax>486</xmax>
			<ymax>206</ymax>
		</bndbox>
	</object>
</annotation>
